[{"user_id":1,"first_name":"Jacques","last_name":"Blazewicz","email":"jblazewicz0@posterous.com","password":"k9doaly"},
{"user_id":2,"first_name":"Budd","last_name":"Zellick","email":"bzellick1@uol.com.br","password":"kik8N0cyKG"},
{"user_id":3,"first_name":"Simone","last_name":"Brenston","email":"sbrenston2@squarespace.com","password":"9BO7nEvdci8"},
{"user_id":4,"first_name":"Waneta","last_name":"Stading","email":"wstading3@google.es","password":"GpzWY536X"},
{"user_id":5,"first_name":"Barbey","last_name":"Corder","email":"bcorder4@csmonitor.com","password":"BXFkbgEz"},
{"user_id":6,"first_name":"Becca","last_name":"Hartington","email":"bhartington5@wsj.com","password":"ijh3RfxcGB"},
{"user_id":7,"first_name":"Elyse","last_name":"Eddy","email":"eeddy6@archive.org","password":"QJHg5Gc0V"},
{"user_id":8,"first_name":"Reggie","last_name":"Souster","email":"rsouster7@4shared.com","password":"nmCeQGRC"},
{"user_id":9,"first_name":"Brnaby","last_name":"Abrahmson","email":"babrahmson8@digg.com","password":"BqOgwfIMJmTx"},
{"user_id":10,"first_name":"Yuma","last_name":"Graine","email":"ygraine9@tmall.com","password":"4VpkAWyL"},
{"user_id":11,"first_name":"Quinton","last_name":"Chater","email":"qchatera@squarespace.com","password":"7x6IYp"},
{"user_id":12,"first_name":"Raymund","last_name":"Moorman","email":"rmoormanb@indiatimes.com","password":"aRgaXm1"},
{"user_id":13,"first_name":"Boycey","last_name":"Ferrelli","email":"bferrellic@cnet.com","password":"VCKtIJEUi"},
{"user_id":14,"first_name":"Ty","last_name":"Raffeorty","email":"traffeortyd@cnet.com","password":"wVOd2oi"},
{"user_id":15,"first_name":"Judie","last_name":"Penella","email":"jpenellae@psu.edu","password":"0WP0F6516"},
{"user_id":16,"first_name":"Alden","last_name":"Gemlett","email":"agemlettf@independent.co.uk","password":"3rAW4wlTsCWz"},
{"user_id":17,"first_name":"Josephina","last_name":"MacLeod","email":"jmacleodg@livejournal.com","password":"gQ7ytj7CtA6"},
{"user_id":18,"first_name":"Lorene","last_name":"Lindeberg","email":"llindebergh@chron.com","password":"Q4WU8aHkm"},
{"user_id":19,"first_name":"Lamar","last_name":"Sotham","email":"lsothami@rediff.com","password":"5yyhnYPTDs"},
{"user_id":20,"first_name":"Derek","last_name":"Breakey","email":"dbreakeyj@home.pl","password":"jrz2kl2jeX"}]